model name,original state space size
ARMCacheCoherence-PT-none,0
ASLink-PT-01a,0
ASLink-PT-01b,0
ASLink-PT-02a,0
ASLink-PT-02b,0
ASLink-PT-03a,0
ASLink-PT-03b,0
ASLink-PT-04a,0
ASLink-PT-04b,0
ASLink-PT-05a,0
ASLink-PT-05b,0
ASLink-PT-06a,0
ASLink-PT-06b,0
ASLink-PT-07a,0
ASLink-PT-07b,0
ASLink-PT-08a,0
ASLink-PT-08b,0
ASLink-PT-09a,0
ASLink-PT-09b,0
ASLink-PT-10a,0
ASLink-PT-10b,0
AirplaneLD-PT-0010,183665
AirplaneLD-PT-0020,1339105
AirplaneLD-PT-0050,19756225
AirplaneLD-PT-0100,0
AirplaneLD-PT-0200,0
AirplaneLD-PT-0500,0
AirplaneLD-PT-1000,0
AirplaneLD-PT-2000,0
AirplaneLD-PT-4000,0
Angiogenesis-PT-01,289
Angiogenesis-PT-05,486873658
Angiogenesis-PT-10,0
Angiogenesis-PT-15,0
Angiogenesis-PT-20,0
Angiogenesis-PT-25,0
Angiogenesis-PT-50,0
AutoFlight-PT-01a,1121
AutoFlight-PT-01b,354421863
AutoFlight-PT-02a,55286
AutoFlight-PT-02b,0
AutoFlight-PT-03a,1821206
AutoFlight-PT-03b,0
AutoFlight-PT-04a,50619170
AutoFlight-PT-04b,0
AutoFlight-PT-05a,0
AutoFlight-PT-05b,0
AutoFlight-PT-06a,0
AutoFlight-PT-06b,0
AutoFlight-PT-12a,0
AutoFlight-PT-12b,0
AutoFlight-PT-24a,0
AutoFlight-PT-24b,0
AutoFlight-PT-48a,0
AutoFlight-PT-48b,0
AutoFlight-PT-96a,0
AutoFlight-PT-96b,0
BART-PT-002,53329
BART-PT-005,0
BART-PT-010,0
BART-PT-020,0
BART-PT-030,0
BART-PT-040,0
BART-PT-050,0
BART-PT-060,0
BridgeAndVehicles-PT-V04P05N02,7161
BridgeAndVehicles-PT-V10P10N10,821283
BridgeAndVehicles-PT-V20P10N10,23489217
BridgeAndVehicles-PT-V20P10N20,31773043
BridgeAndVehicles-PT-V20P10N50,31785879
BridgeAndVehicles-PT-V20P20N10,23489217
BridgeAndVehicles-PT-V20P20N20,34320763
BridgeAndVehicles-PT-V20P20N50,34345799
BridgeAndVehicles-PT-V50P20N10,0
BridgeAndVehicles-PT-V50P20N20,0
BridgeAndVehicles-PT-V50P20N50,0
BridgeAndVehicles-PT-V50P50N10,0
BridgeAndVehicles-PT-V50P50N20,0
BridgeAndVehicles-PT-V50P50N50,0
BridgeAndVehicles-PT-V80P20N10,0
BridgeAndVehicles-PT-V80P20N20,0
BridgeAndVehicles-PT-V80P20N50,0
BridgeAndVehicles-PT-V80P50N10,0
BridgeAndVehicles-PT-V80P50N20,0
BridgeAndVehicles-PT-V80P50N50,0
BusinessProcesses-PT-01,0
BusinessProcesses-PT-02,0
BusinessProcesses-PT-03,0
BusinessProcesses-PT-04,0
BusinessProcesses-PT-05,0
BusinessProcesses-PT-06,0
BusinessProcesses-PT-07,0
BusinessProcesses-PT-08,0
BusinessProcesses-PT-09,0
BusinessProcesses-PT-10,0
BusinessProcesses-PT-11,0
BusinessProcesses-PT-12,0
BusinessProcesses-PT-13,0
BusinessProcesses-PT-14,0
BusinessProcesses-PT-15,0
BusinessProcesses-PT-16,0
BusinessProcesses-PT-17,0
BusinessProcesses-PT-18,0
BusinessProcesses-PT-19,0
BusinessProcesses-PT-20,0
CANConstruction-PT-005,406701
CANConstruction-PT-010,0
CANConstruction-PT-020,0
CANConstruction-PT-030,0
CANConstruction-PT-040,0
CANConstruction-PT-050,0
CANConstruction-PT-060,0
CANConstruction-PT-070,0
CANConstruction-PT-080,0
CANConstruction-PT-090,0
CANConstruction-PT-100,0
CSRepetitions-PT-02,37089
CSRepetitions-PT-03,0
CSRepetitions-PT-04,0
CSRepetitions-PT-05,0
CSRepetitions-PT-07,0
CSRepetitions-PT-10,0
CircadianClock-PT-000001,625
CircadianClock-PT-000010,6766321
CircadianClock-PT-000100,0
CircadianClock-PT-001000,0
CircadianClock-PT-010000,0
CircadianClock-PT-100000,0
CircularTrains-PT-012,497
CircularTrains-PT-024,411681
CircularTrains-PT-048,0
CircularTrains-PT-096,0
CircularTrains-PT-192,0
CircularTrains-PT-384,0
CircularTrains-PT-768,0
ClientsAndServers-PT-N0001P0,113317
ClientsAndServers-PT-N0002P0,44030251
ClientsAndServers-PT-N0002P1,77859169
ClientsAndServers-PT-N0005P0,0
ClientsAndServers-PT-N0005P1,0
ClientsAndServers-PT-N0010P0,0
ClientsAndServers-PT-N0010P1,0
ClientsAndServers-PT-N0010P2,0
ClientsAndServers-PT-N0020P0,0
ClientsAndServers-PT-N0020P1,0
ClientsAndServers-PT-N0020P2,0
ClientsAndServers-PT-N0020P3,0
ClientsAndServers-PT-N0020P4,0
ClientsAndServers-PT-N0050P0,0
ClientsAndServers-PT-N0100P0,0
ClientsAndServers-PT-N0200P0,0
ClientsAndServers-PT-N0500P0,0
ClientsAndServers-PT-N1000P0,0
ClientsAndServers-PT-N2000P0,0
ClientsAndServers-PT-N5000P0,0
CloudDeployment-PT-2a,87601
CloudDeployment-PT-2b,0
CloudDeployment-PT-3a,7698056
CloudDeployment-PT-3b,0
CloudDeployment-PT-4a,508602471
CloudDeployment-PT-4b,0
CloudDeployment-PT-5a,0
CloudDeployment-PT-5b,0
CloudDeployment-PT-6a,0
CloudDeployment-PT-6b,0
CloudDeployment-PT-7a,0
CloudDeployment-PT-7b,0
CloudOpsManagement-PT-00002by00001,30091
CloudOpsManagement-PT-00005by00002,19148231
CloudOpsManagement-PT-00010by00005,0
CloudOpsManagement-PT-00020by00010,0
CloudOpsManagement-PT-00040by00020,0
CloudOpsManagement-PT-00080by00040,0
CloudOpsManagement-PT-00160by00080,0
CloudOpsManagement-PT-00320by00160,0
CloudOpsManagement-PT-00640by00320,0
CloudOpsManagement-PT-01280by00640,0
CloudOpsManagement-PT-02560by01280,0
CloudOpsManagement-PT-05120by02560,0
CloudOpsManagement-PT-10240by05120,0
CloudOpsManagement-PT-20480by10240,0
CloudReconfiguration-PT-301,0
CloudReconfiguration-PT-302,0
CloudReconfiguration-PT-303,0
CloudReconfiguration-PT-304,0
CloudReconfiguration-PT-305,0
CloudReconfiguration-PT-306,0
CloudReconfiguration-PT-307,0
CloudReconfiguration-PT-308,0
CloudReconfiguration-PT-309,0
CloudReconfiguration-PT-310,0
CloudReconfiguration-PT-311,0
CloudReconfiguration-PT-312,0
CloudReconfiguration-PT-313,0
CloudReconfiguration-PT-314,0
CloudReconfiguration-PT-315,0
CloudReconfiguration-PT-316,0
CloudReconfiguration-PT-317,0
CloudReconfiguration-PT-318,0
CloudReconfiguration-PT-319,0
CloudReconfiguration-PT-320,0
CloudReconfiguration-PT-401,0
CloudReconfiguration-PT-402,0
DES-PT-00a,0
DES-PT-00b,0
DES-PT-01a,0
DES-PT-01b,0
DES-PT-02a,0
DES-PT-02b,0
DES-PT-05a,0
DES-PT-05b,0
DES-PT-10a,0
DES-PT-10b,0
DES-PT-20a,0
DES-PT-20b,0
DES-PT-30a,0
DES-PT-30b,0
DES-PT-40a,0
DES-PT-40b,0
DES-PT-50a,0
DES-PT-50b,0
DES-PT-60a,0
DES-PT-60b,0
DLCflexbar-PT-2a,0
DLCflexbar-PT-2b,0
DLCflexbar-PT-3a,0
DLCflexbar-PT-3b,0
DLCflexbar-PT-4a,0
DLCflexbar-PT-4b,0
DLCflexbar-PT-5a,0
DLCflexbar-PT-5b,0
DLCflexbar-PT-6a,0
DLCflexbar-PT-6b,0
DLCflexbar-PT-7a,0
DLCflexbar-PT-7b,0
DLCflexbar-PT-8a,0
DLCflexbar-PT-8b,0
DLCround-PT-03a,0
DLCround-PT-03b,0
DLCround-PT-04a,0
DLCround-PT-04b,0
DLCround-PT-05a,0
DLCround-PT-05b,0
DLCround-PT-06a,0
DLCround-PT-06b,0
DLCround-PT-07a,0
DLCround-PT-07b,0
DLCround-PT-08a,0
DLCround-PT-08b,0
DLCround-PT-09a,0
DLCround-PT-09b,0
DLCround-PT-10a,0
DLCround-PT-10b,0
DLCround-PT-11a,0
DLCround-PT-11b,0
DLCround-PT-12a,0
DLCround-PT-12b,0
DLCround-PT-13a,0
DLCround-PT-13b,0
DLCshifumi-PT-2a,0
DLCshifumi-PT-2b,0
DLCshifumi-PT-3a,0
DLCshifumi-PT-3b,0
DLCshifumi-PT-4a,0
DLCshifumi-PT-4b,0
DLCshifumi-PT-5a,0
DLCshifumi-PT-5b,0
DLCshifumi-PT-6a,0
DLCshifumi-PT-6b,0
DNAwalker-PT-01track12Block1,13150
DNAwalker-PT-02track12Block2,21643
DNAwalker-PT-03track12BlockBoth,20282
DNAwalker-PT-04track28LL,0
DNAwalker-PT-05track28LR,0
DNAwalker-PT-06track28RL,0
DNAwalker-PT-07track28RR,0
DNAwalker-PT-08ringLL,237024907
DNAwalker-PT-09ringLR,240889488
DNAwalker-PT-10ringRL,237024907
DNAwalker-PT-11ringRR,240889488
DNAwalker-PT-12ringLLLarge,0
DNAwalker-PT-13ringRLLarge,0
DNAwalker-PT-14ringLRLarge,0
DNAwalker-PT-15ringRRLarge,0
DNAwalker-PT-16redondantChoiceR,0
DNAwalker-PT-17redondantChoiceL,0
DNAwalker-PT-18lozangeBlock,0
DatabaseWithMutex-PT-02,313
DatabaseWithMutex-PT-04,0
DatabaseWithMutex-PT-10,0
DatabaseWithMutex-PT-20,0
DatabaseWithMutex-PT-40,0
Dekker-PT-010,171531
Dekker-PT-015,16834576
Dekker-PT-020,0
Dekker-PT-050,0
Dekker-PT-100,0
Dekker-PT-200,0
Diffusion2D-PT-D05N010,0
Diffusion2D-PT-D05N050,0
Diffusion2D-PT-D05N100,0
Diffusion2D-PT-D05N150,0
Diffusion2D-PT-D05N200,0
Diffusion2D-PT-D05N250,0
Diffusion2D-PT-D05N300,0
Diffusion2D-PT-D05N350,0
Diffusion2D-PT-D10N010,0
Diffusion2D-PT-D10N050,0
Diffusion2D-PT-D10N100,0
Diffusion2D-PT-D10N150,0
Diffusion2D-PT-D10N200,0
Diffusion2D-PT-D20N010,0
Diffusion2D-PT-D20N050,0
Diffusion2D-PT-D20N100,0
Diffusion2D-PT-D20N150,0
Diffusion2D-PT-D30N010,0
Diffusion2D-PT-D30N050,0
Diffusion2D-PT-D30N100,0
Diffusion2D-PT-D30N150,0
Diffusion2D-PT-D40N010,0
Diffusion2D-PT-D40N050,0
Diffusion2D-PT-D40N100,0
Diffusion2D-PT-D40N150,0
Diffusion2D-PT-D50N010,0
Diffusion2D-PT-D50N050,0
Diffusion2D-PT-D50N100,0
Diffusion2D-PT-D50N150,0
DiscoveryGPU-PT-06a,13528286
DiscoveryGPU-PT-06b,0
DiscoveryGPU-PT-07a,173612980
DiscoveryGPU-PT-07b,0
DiscoveryGPU-PT-08a,0
DiscoveryGPU-PT-08b,0
DiscoveryGPU-PT-09a,0
DiscoveryGPU-PT-09b,0
DiscoveryGPU-PT-10a,0
DiscoveryGPU-PT-10b,0
DiscoveryGPU-PT-11a,0
DiscoveryGPU-PT-11b,0
DiscoveryGPU-PT-12a,0
DiscoveryGPU-PT-12b,0
DiscoveryGPU-PT-13a,0
DiscoveryGPU-PT-13b,0
DiscoveryGPU-PT-14a,0
DiscoveryGPU-PT-14b,0
DiscoveryGPU-PT-15a,0
DiscoveryGPU-PT-15b,0
DoubleExponent-PT-001,149
DoubleExponent-PT-002,3708
DoubleExponent-PT-003,2385072
DoubleExponent-PT-004,0
DoubleExponent-PT-010,0
DoubleExponent-PT-020,0
DoubleExponent-PT-100,0
DoubleExponent-PT-200,0
DrinkVendingMachine-PT-02,7681
DrinkVendingMachine-PT-10,0
EGFr-PT-02010,26924
EGFr-PT-10420,0
EGFr-PT-10421,0
ERK-PT-000001,31
ERK-PT-000010,372373
ERK-PT-000100,0
ERK-PT-001000,0
ERK-PT-010000,0
ERK-PT-100000,0
Echo-PT-d02r09,0
Echo-PT-d02r11,0
Echo-PT-d02r15,0
Echo-PT-d02r19,0
Echo-PT-d03r03,0
Echo-PT-d03r05,0
Echo-PT-d03r07,0
Echo-PT-d04r03,0
Echo-PT-d05r03,0
Election2020-PT-none,0
EnergyBus-PT-none,0
Eratosthenes-PT-010,121
Eratosthenes-PT-020,23041
Eratosthenes-PT-050,0
Eratosthenes-PT-100,0
Eratosthenes-PT-200,0
Eratosthenes-PT-500,0
FMS-PT-00002,16312
FMS-PT-00005,23527186
FMS-PT-00010,0
FMS-PT-00020,0
FMS-PT-00050,0
FMS-PT-00100,0
FMS-PT-00200,0
FMS-PT-00500,0
FMS-PT-01000,0
FMS-PT-02000,0
FMS-PT-05000,0
FMS-PT-10000,0
FMS-PT-20000,0
FMS-PT-50000,0
FamilyReunion-PT-L00010M0001C001P001G001,0
FamilyReunion-PT-L00020M0002C001P001G001,0
FamilyReunion-PT-L00050M0005C002P002G001,0
FamilyReunion-PT-L00100M0010C005P005G002,0
FamilyReunion-PT-L00200M0020C010P010G005,0
FamilyReunion-PT-L00400M0040C020P020G001,0
FlexibleBarrier-PT-04a,121826
FlexibleBarrier-PT-04b,0
FlexibleBarrier-PT-06a,26666498
FlexibleBarrier-PT-06b,0
FlexibleBarrier-PT-08a,0
FlexibleBarrier-PT-08b,0
FlexibleBarrier-PT-10a,0
FlexibleBarrier-PT-10b,0
FlexibleBarrier-PT-12a,0
FlexibleBarrier-PT-12b,0
FlexibleBarrier-PT-14a,0
FlexibleBarrier-PT-14b,0
FlexibleBarrier-PT-16a,0
FlexibleBarrier-PT-16b,0
FlexibleBarrier-PT-18a,0
FlexibleBarrier-PT-18b,0
FlexibleBarrier-PT-20a,0
FlexibleBarrier-PT-20b,0
FlexibleBarrier-PT-22a,0
FlexibleBarrier-PT-22b,0
GPPP-PT-C0001N0000000001,42409
GPPP-PT-C0001N0000000010,9555727
GPPP-PT-C0001N0000000100,0
GPPP-PT-C0001N0000001000,0
GPPP-PT-C0001N0000010000,0
GPPP-PT-C0001N0000100000,0
GPPP-PT-C0010N0000000010,0
GPPP-PT-C0010N0000000100,0
GPPP-PT-C0010N1000000000,0
GPPP-PT-C0100N0000000010,0
GPPP-PT-C0100N0000000100,0
GPPP-PT-C0100N0000001000,0
GPPP-PT-C0100N0000010000,0
GPPP-PT-C0100N0000100000,0
GPPP-PT-C1000N0000000010,0
GPPP-PT-C1000N0000000100,0
GPPP-PT-C1000N0000001000,0
GPUForwardProgress-PT-04a,7375
GPUForwardProgress-PT-04b,47733747
GPUForwardProgress-PT-08a,3289767
GPUForwardProgress-PT-08b,0
GPUForwardProgress-PT-12a,0
GPUForwardProgress-PT-12b,0
GPUForwardProgress-PT-16a,0
GPUForwardProgress-PT-16b,0
GPUForwardProgress-PT-20a,0
GPUForwardProgress-PT-20b,0
GPUForwardProgress-PT-24a,0
GPUForwardProgress-PT-24b,0
GPUForwardProgress-PT-28a,0
GPUForwardProgress-PT-28b,0
GPUForwardProgress-PT-32a,0
GPUForwardProgress-PT-32b,0
GPUForwardProgress-PT-36a,0
GPUForwardProgress-PT-36b,0
GPUForwardProgress-PT-40a,0
GPUForwardProgress-PT-40b,0
GlobalResAllocation-PT-03,116179
GlobalResAllocation-PT-05,0
HealthRecord-PT-01,19897441
HealthRecord-PT-02,33979153
HealthRecord-PT-03,54664041
HealthRecord-PT-04,85714350
HealthRecord-PT-05,132793156
HealthRecord-PT-06,0
HealthRecord-PT-07,0
HealthRecord-PT-08,0
HealthRecord-PT-09,0
HealthRecord-PT-10,0
HealthRecord-PT-11,0
HealthRecord-PT-12,0
HealthRecord-PT-13,0
HealthRecord-PT-14,0
HealthRecord-PT-15,0
HealthRecord-PT-16,0
HealthRecord-PT-17,0
HexagonalGrid-PT-110,430885
HexagonalGrid-PT-126,39907585
HexagonalGrid-PT-226,0
HexagonalGrid-PT-316,0
HexagonalGrid-PT-410,0
HexagonalGrid-PT-516,0
HexagonalGrid-PT-816,0
HirschbergSinclair-PT-05,31202924
HirschbergSinclair-PT-10,0
HirschbergSinclair-PT-15,0
HirschbergSinclair-PT-20,0
HirschbergSinclair-PT-25,0
HirschbergSinclair-PT-30,0
HirschbergSinclair-PT-35,0
HirschbergSinclair-PT-40,0
HirschbergSinclair-PT-45,0
HirschbergSinclair-PT-50,0
HospitalTriage-PT-none,0
HouseConstruction-PT-00002,4781
HouseConstruction-PT-00005,7191111
HouseConstruction-PT-00010,0
HouseConstruction-PT-00020,0
HouseConstruction-PT-00050,0
HouseConstruction-PT-00100,0
HouseConstruction-PT-00200,0
HouseConstruction-PT-00500,0
HouseConstruction-PT-01000,0
HouseConstruction-PT-02000,0
HouseConstruction-PT-04000,0
HouseConstruction-PT-08000,0
HouseConstruction-PT-16000,0
HouseConstruction-PT-32000,0
HypercubeGrid-PT-C3K4P4B12,0
HypercubeGrid-PT-C4K3P3B12,0
HypercubeGrid-PT-C5K3P3B15,0
HypertorusGrid-PT-d2k1p8b00,667633
HypertorusGrid-PT-d2k2p1b00,0
HypertorusGrid-PT-d2k3p2b04,0
HypertorusGrid-PT-d3k3p2b06,0
HypertorusGrid-PT-d4k3p2b08,0
HypertorusGrid-PT-d5k3p2b10,0
IBM319-PT-none,6706
IBM5964-PT-none,59847
IBM703-PT-none,20500
IBMB2S565S3960-PT-none,0
IOTPpurchase-PT-C01M01P01D01,437
IOTPpurchase-PT-C03M03P03D03,1684055
IOTPpurchase-PT-C05M04P03D02,108419359
IOTPpurchase-PT-C12M10P15D17,0
JoinFreeModules-PT-0003,225451
JoinFreeModules-PT-0004,138230322
JoinFreeModules-PT-0005,0
JoinFreeModules-PT-0010,0
JoinFreeModules-PT-0020,0
JoinFreeModules-PT-0050,0
JoinFreeModules-PT-0100,0
JoinFreeModules-PT-0200,0
JoinFreeModules-PT-0500,0
JoinFreeModules-PT-1000,0
JoinFreeModules-PT-2000,0
JoinFreeModules-PT-5000,0
Kanban-PT-00005,24460017
Kanban-PT-00010,0
Kanban-PT-00020,0
Kanban-PT-00050,0
Kanban-PT-00100,0
Kanban-PT-00200,0
Kanban-PT-00500,0
Kanban-PT-01000,0
Kanban-PT-02000,0
Kanban-PT-05000,0
Kanban-PT-10000,0
Kanban-PT-20000,0
Kanban-PT-50000,0
LamportFastMutEx-PT-2,717
LamportFastMutEx-PT-3,58273
LamportFastMutEx-PT-4,9046049
LamportFastMutEx-PT-5,0
LamportFastMutEx-PT-6,0
LamportFastMutEx-PT-7,0
LamportFastMutEx-PT-8,0
LeafsetExtension-PT-S08C2,359352
LeafsetExtension-PT-S08C3,80531278
LeafsetExtension-PT-S08C4,0
LeafsetExtension-PT-S16C2,5038188
LeafsetExtension-PT-S16C3,0
LeafsetExtension-PT-S16C4,0
LeafsetExtension-PT-S32C2,0
LeafsetExtension-PT-S32C3,0
LeafsetExtension-PT-S32C4,0
LeafsetExtension-PT-S64C2,0
LeafsetExtension-PT-S64C3,0
LeafsetExtension-PT-S64C4,0
MAPK-PT-00008,78948889
MAPK-PT-00020,0
MAPK-PT-00040,0
MAPK-PT-00080,0
MAPK-PT-00160,0
MAPK-PT-00320,0
MAPK-PT-00640,0
MAPK-PT-01280,0
MAPK-PT-02560,0
MAPK-PT-05120,0
MAPK-PT-10240,0
MAPKbis-PT-5310,0
MAPKbis-PT-5320,101580802
MultiCrashLeafsetExtension-PT-S16C02,38130
MultiCrashLeafsetExtension-PT-S16C03,303608
MultiCrashLeafsetExtension-PT-S16C04,1520156
MultiCrashLeafsetExtension-PT-S16C05,5383544
MultiCrashLeafsetExtension-PT-S16C06,14389428
MultiCrashLeafsetExtension-PT-S16C07,0
MultiCrashLeafsetExtension-PT-S16C08,0
MultiCrashLeafsetExtension-PT-S24C02,122622
MultiCrashLeafsetExtension-PT-S24C03,1467628
MultiCrashLeafsetExtension-PT-S24C04,11245730
MultiCrashLeafsetExtension-PT-S24C05,0
MultiCrashLeafsetExtension-PT-S24C06,0
MultiCrashLeafsetExtension-PT-S24C07,0
MultiCrashLeafsetExtension-PT-S24C08,0
MultiCrashLeafsetExtension-PT-S24C09,0
MultiCrashLeafsetExtension-PT-S24C10,0
MultiCrashLeafsetExtension-PT-S24C11,0
MultiCrashLeafsetExtension-PT-S24C12,0
MultiCrashLeafsetExtension-PT-S32C02,283498
MultiCrashLeafsetExtension-PT-S32C03,4528256
MultiCrashLeafsetExtension-PT-S32C04,0
MultiCrashLeafsetExtension-PT-S32C05,0
MultiCrashLeafsetExtension-PT-S32C06,0
MultiCrashLeafsetExtension-PT-S32C07,0
MultiCrashLeafsetExtension-PT-S32C08,0
MultiCrashLeafsetExtension-PT-S32C09,0
MultiCrashLeafsetExtension-PT-S32C10,0
MultiCrashLeafsetExtension-PT-S32C11,0
MultiCrashLeafsetExtension-PT-S32C12,0
MultiwaySync-PT-none,0
NQueens-PT-05,1296
NQueens-PT-08,564881
NQueens-PT-10,46239573
NQueens-PT-12,0
NQueens-PT-15,0
NQueens-PT-20,0
NQueens-PT-25,0
NQueens-PT-30,0
NeighborGrid-PT-d2n3m1c12,514801
NeighborGrid-PT-d2n3m1t12,926641
NeighborGrid-PT-d3n3m1t11,0
NeighborGrid-PT-d4n3m2c23,0
NeighborGrid-PT-d5n4m1t35,0
NeoElection-PT-2,449
NeoElection-PT-3,3599111
NeoElection-PT-4,0
NeoElection-PT-5,0
NeoElection-PT-6,0
NeoElection-PT-7,0
NeoElection-PT-8,0
NoC3x3-PT-1A,0
NoC3x3-PT-1B,0
NoC3x3-PT-2A,0
NoC3x3-PT-2B,0
NoC3x3-PT-3A,0
NoC3x3-PT-3B,0
NoC3x3-PT-4A,0
NoC3x3-PT-4B,0
NoC3x3-PT-5A,0
NoC3x3-PT-5B,0
NoC3x3-PT-6A,0
NoC3x3-PT-6B,0
NoC3x3-PT-7A,0
NoC3x3-PT-7B,0
NoC3x3-PT-8A,0
NoC3x3-PT-8B,0
PaceMaker-PT-none,0
ParamProductionCell-PT-0,13152133
ParamProductionCell-PT-1,96723
ParamProductionCell-PT-2,1380743
ParamProductionCell-PT-3,5922651
ParamProductionCell-PT-4,9827663
ParamProductionCell-PT-5,6746380
Parking-PT-104,339202
Parking-PT-208,0
Parking-PT-416,0
Parking-PT-432,0
Parking-PT-832,0
Parking-PT-864,0
PermAdmissibility-PT-01,54601
PermAdmissibility-PT-02,0
PermAdmissibility-PT-05,0
PermAdmissibility-PT-10,0
PermAdmissibility-PT-20,0
PermAdmissibility-PT-50,0
Peterson-PT-2,62263
Peterson-PT-3,13631785
Peterson-PT-4,0
Peterson-PT-5,0
Peterson-PT-6,0
Peterson-PT-7,0
PhaseVariation-PT-D02CS010,137157
PhaseVariation-PT-D02CS100,0
PhaseVariation-PT-D05CS010,0
PhaseVariation-PT-D05CS100,0
PhaseVariation-PT-D10CS010,0
PhaseVariation-PT-D10CS100,0
PhaseVariation-PT-D20CS010,0
PhaseVariation-PT-D20CS100,0
PhaseVariation-PT-D30CS010,0
PhaseVariation-PT-D30CS100,0
Philosophers-PT-000005,946
Philosophers-PT-000010,459271
Philosophers-PT-000020,0
Philosophers-PT-000050,0
Philosophers-PT-000100,0
Philosophers-PT-000200,0
Philosophers-PT-000500,0
Philosophers-PT-001000,0
Philosophers-PT-002000,0
Philosophers-PT-005000,0
Philosophers-PT-010000,0
PhilosophersDyn-PT-03,769
PhilosophersDyn-PT-10,617351
PhilosophersDyn-PT-20,12961501
Planning-PT-none,0
PolyORBLF-PT-S02J04T06,0
PolyORBLF-PT-S02J04T08,0
PolyORBLF-PT-S02J04T10,0
PolyORBLF-PT-S02J06T06,0
PolyORBLF-PT-S02J06T08,0
PolyORBLF-PT-S02J06T10,0
PolyORBLF-PT-S04J04T06,0
PolyORBLF-PT-S04J04T08,0
PolyORBLF-PT-S04J04T10,0
PolyORBLF-PT-S04J06T06,0
PolyORBLF-PT-S04J06T08,0
PolyORBLF-PT-S04J06T10,0
PolyORBLF-PT-S06J04T04,0
PolyORBLF-PT-S06J04T06,0
PolyORBLF-PT-S06J04T08,0
PolyORBLF-PT-S06J06T04,0
PolyORBLF-PT-S06J06T06,0
PolyORBLF-PT-S06J06T08,0
PolyORBNT-PT-S05J20,0
PolyORBNT-PT-S05J30,0
PolyORBNT-PT-S05J40,0
PolyORBNT-PT-S05J60,0
PolyORBNT-PT-S05J80,0
PolyORBNT-PT-S10J20,0
PolyORBNT-PT-S10J30,0
PolyORBNT-PT-S10J40,0
PolyORBNT-PT-S10J60,0
PolyORBNT-PT-S10J80,0
ProductionCell-PT-none,0
QuasiCertifProtocol-PT-02,3085
QuasiCertifProtocol-PT-06,16007989
QuasiCertifProtocol-PT-10,0
QuasiCertifProtocol-PT-18,0
QuasiCertifProtocol-PT-22,0
QuasiCertifProtocol-PT-28,0
QuasiCertifProtocol-PT-32,0
RERS17pb113-PT-1,0
RERS17pb113-PT-2,0
RERS17pb113-PT-3,0
RERS17pb113-PT-4,0
RERS17pb113-PT-5,0
RERS17pb113-PT-6,0
RERS17pb113-PT-7,0
RERS17pb113-PT-8,0
RERS17pb113-PT-9,0
RERS17pb114-PT-1,0
RERS17pb114-PT-2,0
RERS17pb114-PT-3,0
RERS17pb114-PT-4,0
RERS17pb114-PT-5,0
RERS17pb114-PT-6,0
RERS17pb114-PT-7,0
RERS17pb114-PT-8,0
RERS17pb114-PT-9,0
RERS17pb115-PT-1,0
RERS17pb115-PT-2,0
RERS17pb115-PT-3,0
RERS17pb115-PT-4,0
RERS17pb115-PT-5,0
RERS17pb115-PT-6,0
RERS17pb115-PT-7,0
RERS17pb115-PT-8,0
RERS17pb115-PT-9,0
Raft-PT-02,55825
Raft-PT-03,350566199
Raft-PT-04,0
Raft-PT-05,0
Raft-PT-06,0
Raft-PT-07,0
Raft-PT-08,0
Raft-PT-09,0
Raft-PT-10,0
Railroad-PT-005,7700
Railroad-PT-010,16324601
Railroad-PT-020,0
Railroad-PT-050,0
Railroad-PT-100,0
Referendum-PT-0010,393662
Referendum-PT-0015,143489072
Referendum-PT-0020,0
Referendum-PT-0050,0
Referendum-PT-0100,0
Referendum-PT-0200,0
Referendum-PT-0500,0
Referendum-PT-1000,0
RefineWMG-PT-002002,321733
RefineWMG-PT-002003,1139457
RefineWMG-PT-005005,0
RefineWMG-PT-005006,0
RefineWMG-PT-007007,0
RefineWMG-PT-007008,0
RefineWMG-PT-010010,0
RefineWMG-PT-010011,0
RefineWMG-PT-015015,0
RefineWMG-PT-015016,0
RefineWMG-PT-025025,0
RefineWMG-PT-025026,0
RefineWMG-PT-050050,0
RefineWMG-PT-050051,0
RefineWMG-PT-100100,0
RefineWMG-PT-100101,0
ResAllocation-PT-R002C002,13
ResAllocation-PT-R003C002,35
ResAllocation-PT-R003C003,258
ResAllocation-PT-R003C005,4961
ResAllocation-PT-R003C010,6286721
ResAllocation-PT-R003C015,0
ResAllocation-PT-R003C020,0
ResAllocation-PT-R003C050,0
ResAllocation-PT-R003C100,0
ResAllocation-PT-R005C002,241
ResAllocation-PT-R010C002,20481
ResAllocation-PT-R015C002,1269761
ResAllocation-PT-R020C002,66846721
ResAllocation-PT-R050C002,0
ResAllocation-PT-R100C002,0
Ring-PT-none,0
RobotManipulation-PT-00001,275
RobotManipulation-PT-00002,5501
RobotManipulation-PT-00005,1137709
RobotManipulation-PT-00010,157279981
RobotManipulation-PT-00020,0
RobotManipulation-PT-00050,0
RobotManipulation-PT-00100,0
RobotManipulation-PT-00200,0
RobotManipulation-PT-00500,0
RobotManipulation-PT-01000,0
RobotManipulation-PT-02000,0
RobotManipulation-PT-05000,0
RobotManipulation-PT-10000,0
RwMutex-PT-r0010w0010,10261
RwMutex-PT-r0010w0020,10281
RwMutex-PT-r0010w0050,10341
RwMutex-PT-r0010w0100,10441
RwMutex-PT-r0010w0500,11241
RwMutex-PT-r0010w1000,12241
RwMutex-PT-r0010w2000,14241
RwMutex-PT-r0020w0010,20971541
RwMutex-PT-r0100w0010,0
RwMutex-PT-r0500w0010,0
RwMutex-PT-r1000w0010,0
RwMutex-PT-r2000w0010,0
SafeBus-PT-03,12889
SafeBus-PT-06,29904913
SafeBus-PT-10,0
SafeBus-PT-15,0
SafeBus-PT-20,0
SatelliteMemory-PT-X00100Y0003,209485
SatelliteMemory-PT-X01000Y0032,20618551
SatelliteMemory-PT-X01500Y0046,46503907
SatelliteMemory-PT-X03000Y0094,185671699
SatelliteMemory-PT-X65535Y2048,0
SemanticWebServices-PT-S064P06,0
SemanticWebServices-PT-S064P09,0
SemanticWebServices-PT-S064P12,0
SemanticWebServices-PT-S064P15,0
SemanticWebServices-PT-S064P18,0
SemanticWebServices-PT-S128P06,0
SemanticWebServices-PT-S128P09,0
SemanticWebServices-PT-S128P12,0
SemanticWebServices-PT-S128P15,0
SemanticWebServices-PT-S128P18,0
SemanticWebServices-PT-S256P06,0
SemanticWebServices-PT-S256P09,0
SemanticWebServices-PT-S256P12,0
SemanticWebServices-PT-S256P15,0
SemanticWebServices-PT-S256P18,0
ServersAndClients-PT-100020,4201
ServersAndClients-PT-100040,8201
ServersAndClients-PT-100080,16201
ServersAndClients-PT-100160,32201
ServersAndClients-PT-100320,64201
ServersAndClients-PT-200040,16401
ServersAndClients-PT-200080,32401
ServersAndClients-PT-200160,64401
ServersAndClients-PT-200320,128401
ServersAndClients-PT-400080,64801
ServersAndClients-PT-400160,128801
SharedMemory-PT-000005,10396
SharedMemory-PT-000010,19486171
SharedMemory-PT-000020,0
SharedMemory-PT-000050,0
SharedMemory-PT-000100,0
SharedMemory-PT-000200,0
ShieldIIPs-PT-001A,36371
ShieldIIPs-PT-001B,4601058
ShieldIIPs-PT-002A,310638852
ShieldIIPs-PT-002B,0
ShieldIIPs-PT-003A,0
ShieldIIPs-PT-003B,0
ShieldIIPs-PT-004A,0
ShieldIIPs-PT-004B,0
ShieldIIPs-PT-005A,0
ShieldIIPs-PT-005B,0
ShieldIIPs-PT-010A,0
ShieldIIPs-PT-010B,0
ShieldIIPs-PT-020A,0
ShieldIIPs-PT-020B,0
ShieldIIPs-PT-030A,0
ShieldIIPs-PT-030B,0
ShieldIIPs-PT-040A,0
ShieldIIPs-PT-040B,0
ShieldIIPs-PT-050A,0
ShieldIIPs-PT-050B,0
ShieldIIPs-PT-100A,0
ShieldIIPs-PT-100B,0
ShieldIIPt-PT-001A,6338
ShieldIIPt-PT-001B,19511521
ShieldIIPt-PT-002A,7290882
ShieldIIPt-PT-002B,0
ShieldIIPt-PT-003A,0
ShieldIIPt-PT-003B,0
ShieldIIPt-PT-004A,0
ShieldIIPt-PT-004B,0
ShieldIIPt-PT-005A,0
ShieldIIPt-PT-005B,0
ShieldIIPt-PT-010A,0
ShieldIIPt-PT-010B,0
ShieldIIPt-PT-020A,0
ShieldIIPt-PT-020B,0
ShieldIIPt-PT-030A,0
ShieldIIPt-PT-030B,0
ShieldIIPt-PT-040A,0
ShieldIIPt-PT-040B,0
ShieldIIPt-PT-050A,0
ShieldIIPt-PT-050B,0
ShieldIIPt-PT-100A,0
ShieldIIPt-PT-100B,0
ShieldPPPs-PT-001A,275472
ShieldPPPs-PT-001B,28812786
ShieldPPPs-PT-002A,0
ShieldPPPs-PT-002B,0
ShieldPPPs-PT-003A,0
ShieldPPPs-PT-003B,0
ShieldPPPs-PT-004A,0
ShieldPPPs-PT-004B,0
ShieldPPPs-PT-005A,0
ShieldPPPs-PT-005B,0
ShieldPPPs-PT-010A,0
ShieldPPPs-PT-010B,0
ShieldPPPs-PT-020A,0
ShieldPPPs-PT-020B,0
ShieldPPPs-PT-030A,0
ShieldPPPs-PT-030B,0
ShieldPPPs-PT-040A,0
ShieldPPPs-PT-040B,0
ShieldPPPs-PT-050A,0
ShieldPPPs-PT-050B,0
ShieldPPPs-PT-100A,0
ShieldPPPs-PT-100B,0
ShieldPPPt-PT-001A,43602
ShieldPPPt-PT-001B,108423882
ShieldPPPt-PT-002A,321600002
ShieldPPPt-PT-002B,0
ShieldPPPt-PT-003A,0
ShieldPPPt-PT-003B,0
ShieldPPPt-PT-004A,0
ShieldPPPt-PT-004B,0
ShieldPPPt-PT-005A,0
ShieldPPPt-PT-005B,0
ShieldPPPt-PT-010A,0
ShieldPPPt-PT-010B,0
ShieldPPPt-PT-020A,0
ShieldPPPt-PT-020B,0
ShieldPPPt-PT-030A,0
ShieldPPPt-PT-030B,0
ShieldPPPt-PT-040A,0
ShieldPPPt-PT-040B,0
ShieldPPPt-PT-050A,0
ShieldPPPt-PT-050B,0
ShieldPPPt-PT-100A,0
ShieldPPPt-PT-100B,0
ShieldRVs-PT-001A,424
ShieldRVs-PT-001B,11342
ShieldRVs-PT-002A,68399
ShieldRVs-PT-002B,24521447
ShieldRVs-PT-003A,9261782
ShieldRVs-PT-003B,0
ShieldRVs-PT-004A,0
ShieldRVs-PT-004B,0
ShieldRVs-PT-005A,0
ShieldRVs-PT-005B,0
ShieldRVs-PT-010A,0
ShieldRVs-PT-010B,0
ShieldRVs-PT-020A,0
ShieldRVs-PT-020B,0
ShieldRVs-PT-030A,0
ShieldRVs-PT-030B,0
ShieldRVs-PT-040A,0
ShieldRVs-PT-040B,0
ShieldRVs-PT-050A,0
ShieldRVs-PT-050B,0
ShieldRVs-PT-100A,0
ShieldRVs-PT-100B,0
ShieldRVt-PT-001A,114
ShieldRVt-PT-001B,87676
ShieldRVt-PT-002A,3138
ShieldRVt-PT-002B,0
ShieldRVt-PT-003A,71682
ShieldRVt-PT-003B,0
ShieldRVt-PT-004A,1490946
ShieldRVt-PT-004B,0
ShieldRVt-PT-005A,29360130
ShieldRVt-PT-005B,0
ShieldRVt-PT-010A,0
ShieldRVt-PT-010B,0
ShieldRVt-PT-020A,0
ShieldRVt-PT-020B,0
ShieldRVt-PT-030A,0
ShieldRVt-PT-030B,0
ShieldRVt-PT-040A,0
ShieldRVt-PT-040B,0
ShieldRVt-PT-050A,0
ShieldRVt-PT-050B,0
ShieldRVt-PT-100A,0
ShieldRVt-PT-100B,0
SimpleLoadBal-PT-02,2651
SimpleLoadBal-PT-05,566333
SimpleLoadBal-PT-10,0
SimpleLoadBal-PT-15,0
SimpleLoadBal-PT-20,0
SmallOperatingSystem-PT-MT0016DC0008,100897
SmallOperatingSystem-PT-MT0032DC0008,1112455
SmallOperatingSystem-PT-MT0032DC0016,2451265
SmallOperatingSystem-PT-MT0064DC0016,29675133
SmallOperatingSystem-PT-MT0064DC0032,67762817
SmallOperatingSystem-PT-MT0128DC0032,863518393
SmallOperatingSystem-PT-MT0128DC0064,0
SmallOperatingSystem-PT-MT0256DC0064,0
SmallOperatingSystem-PT-MT0256DC0128,0
SmallOperatingSystem-PT-MT0512DC0128,0
SmallOperatingSystem-PT-MT0512DC0256,0
SmallOperatingSystem-PT-MT1024DC0256,0
SmallOperatingSystem-PT-MT1024DC0512,0
SmallOperatingSystem-PT-MT2048DC0512,0
SmallOperatingSystem-PT-MT2048DC1024,0
SmallOperatingSystem-PT-MT4096DC1024,0
SmallOperatingSystem-PT-MT4096DC2048,0
SmallOperatingSystem-PT-MT8192DC2048,0
SmallOperatingSystem-PT-MT8192DC4096,0
SmartHome-PT-01,2410658
SmartHome-PT-02,5642114
SmartHome-PT-03,19172738
SmartHome-PT-04,29492812
SmartHome-PT-05,0
SmartHome-PT-06,0
SmartHome-PT-07,0
SmartHome-PT-08,0
SmartHome-PT-09,0
SmartHome-PT-10,0
SmartHome-PT-11,0
SmartHome-PT-12,0
SmartHome-PT-13,0
SmartHome-PT-14,0
SmartHome-PT-15,0
SmartHome-PT-16,0
SmartHome-PT-17,0
SmartHome-PT-18,0
SmartHome-PT-19,0
Solitaire-PT-EngCT7x7,0
Solitaire-PT-EngNC7x7,0
Solitaire-PT-FrnCT7x7,0
Solitaire-PT-FrnNC7x7,0
Solitaire-PT-SqrCT5x5,0
Solitaire-PT-SqrNC5x5,213958153
SquareGrid-PT-020102,0
SquareGrid-PT-040204,0
SquareGrid-PT-080408,0
SquareGrid-PT-100510,0
SquareGrid-PT-130613,0
Sudoku-PT-AN01,2
Sudoku-PT-AN02,73
Sudoku-PT-AN03,56620
Sudoku-PT-AN04,0
Sudoku-PT-AN05,0
Sudoku-PT-AN06,0
Sudoku-PT-AN07,0
Sudoku-PT-AN08,0
Sudoku-PT-AN09,0
Sudoku-PT-AN10,0
Sudoku-PT-AN11,0
Sudoku-PT-AN12,0
Sudoku-PT-AN13,0
Sudoku-PT-AN14,0
Sudoku-PT-AN15,0
Sudoku-PT-AN16,0
Sudoku-PT-BN01,2
Sudoku-PT-BN04,0
Sudoku-PT-BN09,0
Sudoku-PT-BN16,0
SwimmingPool-PT-01,450004
SwimmingPool-PT-02,19929812
SwimmingPool-PT-03,199290425
SwimmingPool-PT-04,1047509093
SwimmingPool-PT-05,0
SwimmingPool-PT-06,0
SwimmingPool-PT-07,0
SwimmingPool-PT-08,0
SwimmingPool-PT-09,0
SwimmingPool-PT-10,0
TCPcondis-PT-05,24899393
TCPcondis-PT-10,0
TCPcondis-PT-15,0
TCPcondis-PT-20,0
TCPcondis-PT-25,0
TCPcondis-PT-30,0
TCPcondis-PT-35,0
TCPcondis-PT-40,0
TCPcondis-PT-50,0
TokenRing-PT-005,366
TokenRing-PT-010,294051
TokenRing-PT-015,0
TokenRing-PT-020,0
TokenRing-PT-030,0
TokenRing-PT-040,0
TokenRing-PT-050,0
TriangularGrid-PT-1200,566713
TriangularGrid-PT-1500,3683593
TriangularGrid-PT-2011,0
TriangularGrid-PT-3011,0
TriangularGrid-PT-3026,0
TriangularGrid-PT-4022,0
TriangularGrid-PT-5020,0
TriangularGrid-PT-5046,0
TwoPhaseLocking-PT-nC00004vD,58
TwoPhaseLocking-PT-nC00004vN,85
TwoPhaseLocking-PT-nC00010vD,1568
TwoPhaseLocking-PT-nC00010vN,1979
TwoPhaseLocking-PT-nC00020vD,28886
TwoPhaseLocking-PT-nC00020vN,33157
TwoPhaseLocking-PT-nC00050vD,1932840
TwoPhaseLocking-PT-nC00050vN,2055641
TwoPhaseLocking-PT-nC00100vD,53996930
TwoPhaseLocking-PT-nC00100vN,55753781
TwoPhaseLocking-PT-nC00200vD,0
TwoPhaseLocking-PT-nC00200vN,0
TwoPhaseLocking-PT-nC00500vD,0
TwoPhaseLocking-PT-nC00500vN,0
TwoPhaseLocking-PT-nC01000vD,0
TwoPhaseLocking-PT-nC01000vN,0
TwoPhaseLocking-PT-nC02000vD,0
TwoPhaseLocking-PT-nC02000vN,0
TwoPhaseLocking-PT-nC05000vD,0
TwoPhaseLocking-PT-nC05000vN,0
TwoPhaseLocking-PT-nC10000vD,0
TwoPhaseLocking-PT-nC10000vN,0
UtahNoC-PT-none,0
UtilityControlRoom-PT-Z2T3N04,1393749
UtilityControlRoom-PT-Z2T3N06,238899109
UtilityControlRoom-PT-Z2T3N08,0
UtilityControlRoom-PT-Z2T3N10,0
UtilityControlRoom-PT-Z2T4N02,4209
UtilityControlRoom-PT-Z2T4N04,1408385
UtilityControlRoom-PT-Z2T4N06,253169449
UtilityControlRoom-PT-Z2T4N08,0
UtilityControlRoom-PT-Z2T4N10,0
UtilityControlRoom-PT-Z4T3N06,0
UtilityControlRoom-PT-Z4T3N08,0
UtilityControlRoom-PT-Z4T3N10,0
UtilityControlRoom-PT-Z4T4N02,268761
UtilityControlRoom-PT-Z4T4N04,589934849
UtilityControlRoom-PT-Z4T4N06,0
UtilityControlRoom-PT-Z4T4N08,0
UtilityControlRoom-PT-Z4T4N10,0
Vasy2003-PT-none,0
ViralEpidemic-PT-S02D1C1A10,0
ViralEpidemic-PT-S02D1C1A12,0
ViralEpidemic-PT-S03D1C1A02,0
ViralEpidemic-PT-S03D1C1A04,0
ViralEpidemic-PT-S03D1C1A06,0
ViralEpidemic-PT-S03D1C1A08,0
ViralEpidemic-PT-S04D1C1A02,0
ViralEpidemic-PT-S04D1C1A03,0
ViralEpidemic-PT-S04D1C1A04,0
ViralEpidemic-PT-S04D1C1A06,0
ViralEpidemic-PT-S08D1C2A02,0
ViralEpidemic-PT-S08D1C2A04,0
ViralEpidemic-PT-S16D2C4A01,0
ViralEpidemic-PT-S16D2C4A02,0
ViralEpidemic-PT-S16D2C4A03,0
